Column,Key,Value
"HRMONTH","01","MIN VALUE"
"HRMONTH","12","MAX VALUE"
"HRYEAR4","1998","MIN VALUE"
"HRYEAR4","2999","MAX VALUE"
"HURESPLI","0","MIN VALUE"
"HURESPLI","99","MAX VALUE"
"HUFINAL","001","FULLY COMPLETE CATI INTERVIEW"
"HUFINAL","002","PARTIALLY COMPLETED CATI INTERVIEW"
"HUFINAL","003","COMPLETE BUT PERSONAL VISIT REQUESTED NEXT MONTH"
"HUFINAL","004","PARTIAL, NOT COMPLETE AT CLOSEOUT"
"HUFINAL","005","LABOR FORCE COMPLETE, SUPPLEMENT INCOMPLETE - CATI"
"HUFINAL","006","LF COMPLETE, SUPPLEMENT DK ITEMS INCOMPLETE AT"
"HUFINAL","020","HH OCCUPIED ENTIRELY BY ARMED FORCES MEMBERS"
"HUFINAL","15","YEARS OF AGE"
"HUFINAL","201","CAPI COMPLETE"
"HUFINAL","202","CALLBACK NEEDED"
"HUFINAL","203","SUFFICIENT PARTIAL - PRECLOSEOUT"
"HUFINAL","204","SUFFICIENT PARTIAL - AT CLOSEOUT"
"HUFINAL","205","LABOR FORCE COMPLETE, - SUPPL. INCOMPLETE - CAPI"
"HUFINAL","213","LANGUAGE BARRIER"
"HUFINAL","214","UNABLE TO LOCATE"
"HUFINAL","216","NO ONE HOME"
"HUFINAL","217","TEMPORARILY ABSENT"
"HUFINAL","218","REFUSED"
"HUFINAL","219","OTHER OCCUPIED - SPECIFY"
"HUFINAL","223","ENTIRE HOUSEHOLD ARMED FORCES"
"HUFINAL","224","ENTIRE HOUSEHOLD UNDER 15"
"HUFINAL","225","TEMP. OCCUPIED W/PERSONS WITH URE"
"HUFINAL","226","VACANT REGULAR"
"HUFINAL","227","VACANT - STORAGE OF HHLD FURNITURE"
"HUFINAL","228","UNFIT, TO BE DEMOLISHED"
"HUFINAL","229","UNDER CONSTRUCTION, NOT READY"
"HUFINAL","230","CONVERTED TO TEMP BUSINESS OR STORAGE"
"HUFINAL","231","UNOCCUPIED TENT OR TRAILER SITE"
"HUFINAL","232","PERMIT GRANTED - CONSTRUCTION NOT STARTED"
"HUFINAL","233","OTHER - SPECIFY"
"HUFINAL","240","DEMOLISHED"
"HUFINAL","241","HOUSE OR TRAILER MOVED"
"HUFINAL","242","OUTSIDE SEGMENT"
"HUFINAL","243","CONVERTED TO PERM. BUSINESS OR STORAGE"
"HUFINAL","244","MERGED"
"HUFINAL","245","CONDEMNED"
"HUFINAL","247","UNUSED SERIAL NUMBER OR LISTING SHEET"
"HUFINAL","248","OTHER - SPECIFY"
"HUFINAL","258","UNLOCATABLE SAMPLE ADDRESS"
"HUFINAL","259","UNIT DOES NOT EXIST/OUT OF SCOPE"
"HUFINAL","256","REMOVED DURING SUB-SAMPLING"
"HUFINAL","257","UNIT ALREADY HAD A CHANCE OF SELECTION"
"HETENURE","1","OWNED OR BEING BOUGHT BY A HH MEMBER"
"HETENURE","2","RENTED FOR CASH"
"HETENURE","3","OCCUPIED WITHOUT PAYMENT OF CASH RENT"
"HEHOUSUT","0","OTHER UNIT"
"HEHOUSUT","1","HOUSE, APARTMENT, FLAT"
"HEHOUSUT","2","HU IN NONTRANSIENT HOTEL, MOTEL, ETC."
"HEHOUSUT","3","HU PERMANENT IN TRANSIENT HOTEL, MOTEL"
"HEHOUSUT","4","HU IN ROOMING HOUSE"
"HEHOUSUT","5","MOBILE HOME OR TRAILER W/NO PERM. ROOM ADDED"
"HEHOUSUT","6","MOBILE HOME OR TRAILER W/1 OR MORE PERM. ROOMS ADDED"
"HEHOUSUT","7","HU NOT SPECIFIED ABOVE"
"HEHOUSUT","8","QUARTERS NOT HU IN ROOMING OR BRDING HS"
"HEHOUSUT","9","UNIT NOT PERM. IN TRANSIENT HOTL, MOTL"
"HEHOUSUT","10","UNOCCUPIED TENT SITE OR TRLR SITE"
"HEHOUSUT","11","STUDENT QUARTERS IN COLLEGE DORM"
"HEHOUSUT","12","OTHER UNIT NOT SPECIFIED ABOVE"
"HETELHHD","1","YES"
"HETELHHD","2","NO"
"HETELAVL","1","YES"
"HETELAVL","2","NO"
"HEFAMINC","1","LESS THAN $5,000"
"HEFAMINC","2","5,000 TO 7,499"
"HEFAMINC","3","7,500 TO 9,999"
"HEFAMINC","4","10,000 TO 12,499"
"HEFAMINC","5","12,500 TO 14,999"
"HEFAMINC","6","15,000 TO 19,999"
"HEFAMINC","7","20,000 TO 24,999"
"HEFAMINC","8","25,000 TO 29,999"
"HEFAMINC","9","30,000 TO 34,999"
"HEFAMINC","10","35,000 TO 39,999"
"HEFAMINC","11","40,000 TO 49,999"
"HEFAMINC","12","50,000 TO 59,999"
"HEFAMINC","13","60,000 TO 74,999"
"HEFAMINC","14","75,000 TO 99,999"
"HEFAMINC","15","100,000 TO 149,999"
"HEFAMINC","16","150,000 OR MORE"
"HUTYPEA","1","NO ONE HOME (NOH)"
"HUTYPEA","2","TEMPORARILY ABSENT (TA)"
"HUTYPEA","3","REFUSED (REF)"
"HUTYPEA","4","LANGUAGE BARRIER"
"HUTYPEA","5","UNABLE TO LOCATE"
"HUTYPEA","6","OTHER OCCUPIED - SPECIFY"
"HUTYPB","1","VACANT REGULAR"
"HUTYPB","2","TEMPORARILY OCCUPIED BY PERSONS W/ URE"
"HUTYPB","3","VACANT-STORAGE OF HHLD FURNITURE"
"HUTYPB","4","UNFIT OR TO BE DEMOLISHED"
"HUTYPB","5","UNDER CONSTRUCTION, NOT READY"
"HUTYPB","6","CONVERTED TO TEMP BUSINESS OR STORAGE"
"HUTYPB","7","UNOCCUPIED TENT SITE OR TRAILER SITE"
"HUTYPB","8","PERMIT GRANTED CONSTRUCTION NOT STARTED"
"HUTYPB","9","OTHER TYPE B - SPECIFY"
"HUTYPC","1","DEMOLISHED"
"HUTYPC","2","HOUSE OR TRAILER MOVED"
"HUTYPC","3","OUTSIDE SEGMENT"
"HUTYPC","4","CONVERTED TO PERM. BUSINESS OR STORAGE"
"HUTYPC","5","MERGED"
"HUTYPC","6","CONDEMNED"
"HUTYPC","7","UNUSED LINE OF LISTING SHEET"
"HUTYPC","8","UNLOCATABLE SAMPLE ADDRESS"
"HUTYPC","9","UNIT DOES NOT EXIST/OUT OF SCOPE"
"HUTYPC","10","OTHER - SPECIFY"
"HRINTSTA","1","INTERVIEW"
"HRINTSTA","2","TYPE A NON-INTERVIEW"
"HRINTSTA","3","TYPE B NON-INTERVIEW"
"HRINTSTA","4","TYPE C NON-INTERVIEW"
"HRNUMHOU","0","MIN VALUE"
"HRNUMHOU","16","MAX VALUE"
"HRHTYPE","0","NON-INTERVIEW HOUSEHOLD"
"HRHTYPE","1","HUSBAND/WIFE PRIMARY FAMILY (NEITHER AF)"
"HRHTYPE","2","HUSB/WIFE PRIM. FAMILY (EITHER/BOTH AF)"
"HRHTYPE","3","UNMARRIED CIVILIAN MALE-PRIM. FAM HHLDER"
"HRHTYPE","4","UNMARRIED CIV. FEMALE-PRIM FAM HHLDER"
"HRHTYPE","5","PRIMARY FAMILY HHLDER-RP IN AF, UNMAR."
"HRHTYPE","6","CIVILIAN MALE PRIMARY INDIVIDUAL"
"HRHTYPE","7","CIVILIAN FEMALE PRIMARY INDIVIDUAL"
"HRHTYPE","8","PRIMARY INDIVIDUAL HHLD-RP IN AF"
"HRHTYPE","9","GROUP QUARTERS WITH FAMILY"
"HRHTYPE","10","GROUP QUARTERS WITHOUT FAMILY"
"HRMIS","1","MIN VALUE"
"HRMIS","8","MAX VALUE"
"HUINTTYP","0","NONINTERVIEW/INDETERMINATE"
"HUINTTYP","1","PERSONAL"
"HUINTTYP","2","TELEPHONE"
"HUPRSCNT","1","MIN VALUE"
"HUPRSCNT","9","MAX VALUE"
"HRLONGLK","0","MIS 1 OR REPLACEMENT HH (NO LINK)"
"HRLONGLK","2","MIS 2-4 OR MIS 6-8"
"HRLONGLK","3","MIS 5"
"HWHHWTLN","0","MIN VALUE"
"HWHHWTLN","16","MAX VALUE"
"HUBUS","1","YES"
"HUBUS","2","NO"
"HUBUSL1","01","MIN VALUE"
"HUBUSL1","99","MAX VALUE"
"HUBUSL2","1","MIN VALUE"
"HUBUSL2","99","MAX VALUE"
"HUBUSL3","1","MIN VALUE"
"HUBUSL3","99","MAX VALUE"
"HUBUSL4","1","MIN VALUE"
"HUBUSL4","99","MAX VALUE"
"GEREG","1","NORTHEAST"
"GEREG","2","MIDWEST (FORMERLY NORTH CENTRAL)"
"GEREG","3","SOUTH"
"GEREG","4","WEST"
"GEDIV","1","NEW ENGLAND"
"GEDIV","2","MIDDLE ATLANTIC"
"GEDIV","3","EAST NORTH CENTRAL"
"GEDIV","4","WEST NORTH CENTRAL"
"GEDIV","5","SOUTH ATLANTIC"
"GEDIV","6","EAST SOUTH CENTRAL"
"GEDIV","7","WEST SOUTH CENTRAL"
"GEDIV","8","MOUNTAIN"
"GEDIV","9","PACIFIC"
"GESTFIPS","01","AL"
"GESTFIPS","02","AK"
"GESTFIPS","04","AZ"
"GESTFIPS","05","AR"
"GESTFIPS","06","CA"
"GESTFIPS","08","CO"
"GESTFIPS","09","CT"
"GESTFIPS","10","DE"
"GESTFIPS","11","DC"
"GESTFIPS","12","FL"
"GESTFIPS","13","GA"
"GESTFIPS","15","HI"
"GESTFIPS","16","ID"
"GESTFIPS","17","IL"
"GESTFIPS","18","IN"
"GESTFIPS","19","IA"
"GESTFIPS","20","KS"
"GESTFIPS","21","KY"
"GESTFIPS","22","LA"
"GESTFIPS","23","ME"
"GESTFIPS","24","MD"
"GESTFIPS","25","MA"
"GESTFIPS","26","MI"
"GESTFIPS","27","MN"
"GESTFIPS","28","MS"
"GESTFIPS","29","MO"
"GESTFIPS","30","MT"
"GESTFIPS","31","NE"
"GESTFIPS","32","NV"
"GESTFIPS","33","NH"
"GESTFIPS","34","NJ"
"GESTFIPS","35","NM"
"GESTFIPS","36","NY"
"GESTFIPS","37","NC"
"GESTFIPS","38","ND"
"GESTFIPS","39","OH"
"GESTFIPS","40","OK"
"GESTFIPS","41","OR"
"GESTFIPS","42","PA"
"GESTFIPS","44","RI"
"GESTFIPS","45","SC"
"GESTFIPS","46","SD"
"GESTFIPS","47","TN"
"GESTFIPS","48","TX"
"GESTFIPS","49","UT"
"GESTFIPS","50","VT"
"GESTFIPS","51","VA"
"GESTFIPS","53","WA"
"GESTFIPS","54","WV"
"GESTFIPS","55","WI"
"GESTFIPS","56","WY"
"GTCBSA","00000","NOT IDENTIFIED OR NONMETROPOLITAN"
"GTCBSA","10180","MIN VALUE"
"GTCBSA","49740","MAX VALUE"
"GTCO","000","NOT IDENTIFIED"
"GTCO","001","-810	SPECIFIC COUNTY CODE"
"GTCBSAST","1","PRINCIPAL CITY"
"GTCBSAST","2","BALANCE"
"GTCBSAST","3","NONMETROPOLITAN"
"GTCBSAST","4","NOT IDENTIFIED"
"GTMETSTA","1","METROPOLITAN"
"GTMETSTA","2","NONMETROPOLITAN"
"GTMETSTA","3","NOT IDENTIFIED"
"GTINDVPC","0","NOT IDENTIFIED, NONMETROPOLITAN,"
"GTINDVPC","1","-7	SPECIFIC PRINCIPAL CITY CODE"
"GTCBSASZ","0","NOT IDENTIFIED OR NONMETROPOLITAN"
"GTCBSASZ","2","100,000 - 249,999"
"GTCBSASZ","3","250,000 - 499,999"
"GTCBSASZ","4","500,000 - 999,999"
"GTCBSASZ","5","1,000,000 - 2,499,999"
"GTCBSASZ","6","2,500,000 - 4,999,999"
"GTCBSASZ","7","5,000,000+"
"GTCSA","000","NOT IDENTIFIED OR NONMETROPOLITAN"
"GTCSA","104","MIN VALUE"
"GTCSA","548","MAX VALUE"
"PERRP","40","REFERENCE PERSON W/RELS."
"PERRP","41","REFERENCE PERSON W/O RELS."
"PERRP","42","OPPOSITE SEX SPOUSE"
"PERRP","43","OPPOSITE SEX PARTNER WITH RELATIVES"
"PERRP","44","OPPOSITE SEC PARTNER WITHOUT RELATIVES"
"PERRP","45","SAME SEX SPOUSE"
"PERRP","46","SAME SEX PARTNER WITH RELATIVES"
"PERRP","47","SAME SEX PARTNER WITHOUT RELATIVES"
"PERRP","48","CHILD"
"PERRP","49","GRANDCHILD"
"PERRP","50","PARENT"
"PERRP","51","BROTHER/SISTER"
"PERRP","52","OTHER REL. OR REF. PERSON"
"PERRP","53","FOSTER CHILD"
"PERRP","54","HOUSEMATE/ROOMMATE W/RELS."
"PERRP","55","HOUSEMATE/ROOMMATEW/O RELS."
"PERRP","56","ROOMER/BOARDER W/RELS."
"PERRP","57","ROOMER/BOARDER W/OUT RELS."
"PERRP","58","NONRELATIVE OF REFERENCE PERSON W/RELS."
"PERRP","59","NONRELATIVE OF REFERENCE PERSON W/OUT RELS."
"PRTAGE","00-79","Age in Years"
"PRTAGE","80","80-84 Years Old"
"PRTAGE","85","85+ Years Old"
"PRTFAGE","0","NO TOP CODE"
"PRTFAGE","1","TOP CODED VALUE FOR AGE"
"PEMARITL","1","MARRIED - SPOUSE PRESENT"
"PEMARITL","2","MARRIED - SPOUSE ABSENT"
"PEMARITL","3","WIDOWED"
"PEMARITL","4","DIVORCED"
"PEMARITL","5","SEPARATED"
"PEMARITL","6","NEVER MARRIED"
"PESPOUSE","-1","NO SPOUSE"
"PESPOUSE","01","MIN VALUE"
"PESPOUSE","99","MAX VALUE"
"PESEX","1","MALE"
"PESEX","2","FEMALE"
"PEAFEVER","1","YES"
"PEAFEVER","2","NO"
"PEAFNOW","1","YES"
"PEAFNOW","2","NO"
"PEEDUCA","31","LESS THAN 1ST GRADE"
"PEEDUCA","32","1ST, 2ND, 3RD OR 4TH GRADE"
"PEEDUCA","33","5TH OR 6TH GRADE"
"PEEDUCA","34","7TH OR 8TH GRADE"
"PEEDUCA","35","9TH GRADE"
"PEEDUCA","36","10TH GRADE"
"PEEDUCA","37","11TH GRADE"
"PEEDUCA","38","12TH GRADE NO DIPLOMA"
"PEEDUCA","39","HIGH SCHOOL GRAD-DIPLOMA OR EQUIV (GED)"
"PEEDUCA","40","SOME COLLEGE BUT NO DEGREE"
"PEEDUCA","41","ASSOCIATE DEGREE-OCCUPATIONAL/VOCATIONAL"
"PEEDUCA","42","ASSOCIATE DEGREE-ACADEMIC PROGRAM"
"PEEDUCA","43","BACHELOR'S DEGREE (EX: BA, AB, BS)"
"PEEDUCA","44","MASTER'S DEGREE (EX: MA, MS, MEng, MEd, MSW)"
"PEEDUCA","45","PROFESSIONAL SCHOOL DEG (EX: MD, DDS, DVM)"
"PEEDUCA","46","DOCTORATE DEGREE (EX: PhD, EdD)"
"PTDTRACE","01","White Only"
"PTDTRACE","02","Black Only"
"PTDTRACE","03","American Indian, Alaskan Native Only"
"PTDTRACE","04","Asian Only"
"PTDTRACE","05","Hawaiian/Pacific Islander Only"
"PTDTRACE","06","White-Black"
"PTDTRACE","07","White-AI"
"PTDTRACE","08","White-Asian"
"PTDTRACE","09","White-HP"
"PTDTRACE","10","Black-AI"
"PTDTRACE","11","Black-Asian"
"PTDTRACE","12","Black-HP"
"PTDTRACE","13","AI-Asian"
"PTDTRACE","14","AI-HP"
"PTDTRACE","15","Asian-HP"
"PTDTRACE","16","W-B-AI"
"PRDTHSP","1","Mexican"
"PRDTHSP","2","Puerto Rican"
"PRDTHSP","3","Cuban"
"PRDTHSP","4","Dominican"
"PRDTHSP","5","Salvadoran"
"PRDTHSP","6","Central American, excluding Salvadoran"
"PRDTHSP","7","South American"
"PRDTHSP","8","Other Spanish"
"PUCHINHH","1","PERSON ADDED"
"PUCHINHH","2","PERSON ADDED - URE"
"PUCHINHH","3","PERSON UNDELETED"
"PUCHINHH","4","PERSON DIED"
"PUCHINHH","5","DELETED FOR REASON OTHER THAN DEATH"
"PUCHINHH","6","PERSON JOINED ARMED FORCES"
"PUCHINHH","7","PERSON NO LONGER IN AF"
"PUCHINHH","9","CHANGE IN DEMOGRAPHIC INFORMATION"
"PULINENO","01","MIN VALUE"
"PULINENO","99","MAX VALUE"
"PRFAMNUM","00","NOT A FAMILY MEMBER"
"PRFAMNUM","01","PRIMARY FAMILY MEMBER ONLY"
"PRFAMNUM","02","SUBFAMILY NO. 2 MEMBER"
"PRFAMNUM","03","SUBFAMILY NO. 3 MEMBER"
"PRFAMNUM","04","SUBFAMILY NO. 4 MEMBER"
"PRFAMNUM","05","SUBFAMILY NO. 5 MEMBER"
"PRFAMNUM","06","SUBFAMILY NO. 6 MEMBER"
"PRFAMNUM","07","SUBFAMILY NO. 7 MEMBER"
"PRFAMNUM","08","SUBFAMILY NO. 8 MEMBER"
"PRFAMNUM","09","SUBFAMILY NO. 9 MEMBER"
"PRFAMNUM","10","SUBFAMILY NO. 10 MEMBER"
"PRFAMNUM","11","SUBFAMILY NO. 11 MEMBER"
"PRFAMNUM","12","SUBFAMILY NO. 12 MEMBER"
"PRFAMNUM","13","SUBFAMILY NO. 13 MEMBER"
"PRFAMNUM","14","SUBFAMILY NO. 14 MEMBER"
"PRFAMNUM","15","SUBFAMILY NO. 15 MEMBER"
"PRFAMNUM","16","SUBFAMILY NO. 16 MEMBER"
"PRFAMNUM","17","SUBFAMILY NO. 17 MEMBER"
"PRFAMNUM","18","SUBFAMILY NO. 18 MEMBER"
"PRFAMNUM","19","SUBFAMILY NO. 19 MEMBER"
"PRFAMREL","0","NOT A FAMILY MEMBER"
"PRFAMREL","1","REFERENCE PERSON"
"PRFAMREL","2","SPOUSE"
"PRFAMREL","3","CHILD"
"PRFAMREL","4","OTHER RELATIVE (PRIMARY FAMILY & UNREL)"
"PRFAMTYP","1","PRIMARY FAMILY"
"PRFAMTYP","2","PRIMARY INDIVIDUAL"
"PRFAMTYP","3","RELATED SUBFAMILY"
"PRFAMTYP","4","UNRELATED SUBFAMILY"
"PRFAMTYP","5","SECONDARY INDIVIDUAL"
"PEHSPNON","1","HISPANIC"
"PEHSPNON","2","NON-HISPANIC"
"PRMARSTA","1","MARRIED, CIVILIAN SPOUSE PRESENT"
"PRMARSTA","2","MARRIED, ARMED FORCES SPOUSE PRESENT"
"PRMARSTA","3","MARRIED, SPOUSE ABSENT (EXC. SEPARATED)"
"PRMARSTA","4","WIDOWED"
"PRMARSTA","5","DIVORCED"
"PRMARSTA","6","SEPARATED"
"PRMARSTA","7","NEVER MARRIED"
"PRPERTYP","1","CHILD HOUSEHOLD MEMBER"
"PRPERTYP","2","ADULT CIVILIAN HOUSEHOLD MEMBER"
"PRPERTYP","3","ADULT ARMED FORCES HOUSEHOLD MEMBER"
"PENATVTY","057","UNITED STATES"
"PENATVTY","060","AM SAMOA"
"PENATVTY","066","GUAM"
"PENATVTY","073","PUERTO RICO"
"PENATVTY","078","U. S. VIRGIN ISLANDS"
"PENATVTY","096","OTHER U. S. ISLAND AREA"
"PENATVTY","100-554","FOREIGN COUNTRY (SEE APPENDIX)"
"PENATVTY","555","ELSEWHERE"
"PEMNTVTY","057","UNITED STATES"
"PEMNTVTY","060","AM SAMOA"
"PEMNTVTY","066","GUAM"
"PEMNTVTY","073","PUERTO RICO"
"PEMNTVTY","078","U. S. VIRGIN ISLANDS"
"PEMNTVTY","096","OTHER U. S. ISLAND AREA"
"PEMNTVTY","100-554","FOREIGN COUNTRY (SEE APPENDIX)"
"PEMNTVTY","555","ELSEWHERE"
"PEFNTVTY","057","UNITED STATES"
"PEFNTVTY","060","AM SAMOA"
"PEFNTVTY","066","GUAM"
"PEFNTVTY","073","PUERTO RICO"
"PEFNTVTY","078","U. S. VIRGIN ISLANDS"
"PEFNTVTY","096","OTHER U. S. ISLAND AREA"
"PEFNTVTY","100-554","FOREIGN COUNTRY (SEE APPENDIX)"
"PEFNTVTY","555","ELSEWHERE"
"PRCITSHP","1","NATIVE, BORN IN THE UNITED STATES"
"PRCITSHP","2","NATIVE, BORN IN PUERTO RICO OR OTHER U.S. ISLAND AREAS"
"PRCITSHP","3","NATIVE, BORN ABROAD OF AMERICAN PARENT OR PARENTS"
"PRCITSHP","4","FOREIGN BORN, U.S. CITIZEN BY NATURALIZATION"
"PRCITSHP","5","FOREIGN BORN, NOT A CITIZEN OF THE UNITED STATES"
"PRINUSYR","-1","NOT IN UNIVERSE (BORN IN U.S.)"
"PRINUSYR","00","NOT FOREIGN BORN"
"PRINUSYR","01","BEFORE 1950"
"PRINUSYR","02","1950-1959"
"PRINUSYR","03","1960-1964"
"PRINUSYR","04","1965-1969"
"PRINUSYR","05","1970-1974"
"PRINUSYR","06","1975-1979"
"PRINUSYR","07","1980-1981"
"PRINUSYR","08","1982-1983"
"PRINUSYR","09","1984-1985"
"PRINUSYR","10","1986-1987"
"PRINUSYR","11","1988-1989"
"PRINUSYR","12","1990-1991"
"PRINUSYR","13","1992-1993"
"PRINUSYR","14","1994-1995"
"PRINUSYR","15","1996-1997"
"PRINUSYR","16","1998-1999"
"PRINUSYR","17","2000-2001"
"PRINUSYR","18","2002-2003"
"PRINUSYR","19","2004-2005"
"PRINUSYR","20","2006-2007"
"PRINUSYR","21","2008-2009"
"PRINUSYR","22","2010-2011"
"PRINUSYR","23","2012-2013"
"PRINUSYR","24","2014-2015"
"PRINUSYR","25","2016-2017"
"PRINUSYR","26","2018-2020"
"PUSLFPRX","1","SELF"
"PUSLFPRX","2","PROXY"
"PUSLFPRX","3","BOTH SELF AND PROXY"
"PEMLR","1","EMPLOYED-AT WORK"
"PEMLR","2","EMPLOYED-ABSENT"
"PEMLR","3","UNEMPLOYED-ON LAYOFF"
"PEMLR","4","UNEMPLOYED-LOOKING"
"PEMLR","5","NOT IN LABOR FORCE-RETIRED"
"PEMLR","6","NOT IN LABOR FORCE-DISABLED"
"PEMLR","7","NOT IN LABOR FORCE-OTHER"
"PUWK","1","YES"
"PUWK","2","NO"
"PUWK","3","RETIRED"
"PUWK","4","DISABLED"
"PUWK","5","UNABLE TO WORK"
"PUBUS1","1","YES"
"PUBUS1","2","NO"
"PUBUS2OT","1","YES"
"PUBUS2OT","2","NO"
"PUBUSCK1","1","GOTO PUBUS1"
"PUBUSCK1","2","GOTO PURETCK1"
"PUBUSCK2","1","GOTO PUHRUSL1"
"PUBUSCK2","2","GOTO PUBUS2"
"PUBUSCK3","1","GOTO PUABSRSN"
"PUBUSCK3","2","GOTO PULAY"
"PUBUSCK4","1","GOTO PUHRUSL1"
"PUBUSCK4","2","GOTO PUABSPD"
"PURETOT","1","YES"
"PURETOT","2","NO"
"PURETOT","3","WAS NOT RETIRED LAST MONTH"
"PUDIS","1","YES"
"PUDIS","2","NO"
"PUDIS","3","DID NOT HAVE DISABILITY LAST MONTH"
"PERET1","1","YES"
"PERET1","2","NO"
"PERET1","3","HAS A JOB"
"PUDIS1","1","YES"
"PUDIS1","2","NO"
"PUDIS2","1","YES"
"PUDIS2","2","NO"
"PUABSOT","1","YES"
"PUABSOT","2","NO"
"PUABSOT","3","RETIRED"
"PUABSOT","4","DISABLED"
"PUABSOT","5","UNABLE TO WORK"
"PULAY","1","YES"
"PULAY","2","NO"
"PULAY","3","RETIRED"
"PULAY","4","DISABLED"
"PULAY","5","UNABLE TO WORK"
"PEABSRSN","1","ON LAYOFF"
"PEABSRSN","2","SLACK WORK/BUSINESS CONDITIONS"
"PEABSRSN","3","WAITING FOR A NEW JOB TO BEGIN"
"PEABSRSN","4","VACATION/PERSONAL DAYS"
"PEABSRSN","5","OWN ILLNESS/INJURY/MEDICAL PROBLEMS"
"PEABSRSN","6","CHILD CARE PROBLEMS"
"PEABSRSN","7","OTHER FAMILY/PERSONAL OBLIGATION"
"PEABSRSN","8","MATERNITY/PATERNITY LEAVE"
"PEABSRSN","9","LABOR DISPUTE"
"PEABSRSN","10","WEATHER AFFECTED JOB"
"PEABSRSN","11","SCHOOL/TRAINING"
"PEABSRSN","12","CIVIC/MILITARY DUTY"
"PEABSRSN","13","DOES NOT WORK IN THE BUSINESS"
"PEABSRSN","14","OTHER (SPECIFY)"
"PEABSPDO","1","YES"
"PEABSPDO","2","NO"
"PEMJOT","1","YES"
"PEMJOT","2","NO"
"PEMJNUM","2","2 JOBS"
"PEMJNUM","3","3 JOBS"
"PEMJNUM","4","4 OR MORE JOBS"
"PEHRUSL1","-4","HOURS VARY"
"PEHRUSL1","0","MIN VALUE"
"PEHRUSL1","99","MAX VALUE"
"PEHRUSL2","-4","HOURS VARY"
"PEHRUSL2","0","MIN VALUE"
"PEHRUSL2","99","MAX VALUE"
"PEHRFTPT","1","YES"
"PEHRFTPT","2","NO"
"PEHRFTPT","3","HOURS VARY"
"PEHRUSLT","-4","VARIES"
"PEHRUSLT","0","MIN VALUE"
"PEHRUSLT","198","MAX VALUE"
"PEHRWANT","1","YES"
"PEHRWANT","2","NO"
"PEHRWANT","3","REGULAR HOURS ARE FULL-TIME"
"PEHRRSN1","1","SLACK WORK/BUSINESS CONDITIONS"
"PEHRRSN1","2","COULD ONLY FIND PART-TIME WORK"
"PEHRRSN1","3","SEASONAL WORK"
"PEHRRSN1","4","CHILD CARE PROBLEMS"
"PEHRRSN1","5","OTHER FAMILY/PERSONAL OBLIGATIONS"
"PEHRRSN1","6","HEALTH/MEDICAL LIMITATIONS"
"PEHRRSN1","7","SCHOOL/TRAINING"
"PEHRRSN1","8","RETIRED/SOCIAL SECURITY LIMIT ON EARNINGS"
"PEHRRSN1","9","FULL-TIME WORKWEEK IS LESS THAN 35 HRS"
"PEHRRSN1","10","OTHER - SPECIFY"
"PEHRRSN2","1","CHILD CARE PROBLEMS"
"PEHRRSN2","2","OTHER FAMILY/PERSONAL OBLIGATIONS"
"PEHRRSN2","3","HEALTH/MEDICAL LIMITATIONS"
"PEHRRSN2","4","SCHOOL/TRAINING"
"PEHRRSN2","5","RETIRED/SOCIAL SECURITY LIMIT ON EARNINGS"
"PEHRRSN2","6","FULL-TIME WORKWEEK LESS THAN 35 HOURS"
"PEHRRSN2","7","OTHER - SPECIFY"
"PEHRRSN3","1","SLACK WORK/BUSINESS CONDITIONS"
"PEHRRSN3","2","SEASONAL WORK"
"PEHRRSN3","3","JOB STARTED OR ENDED DURING WEEK"
"PEHRRSN3","4","VACATION/PERSONAL DAY"
"PEHRRSN3","5","OWN ILLNESS/INJURY/MEDICAL APPOINTMENT"
"PEHRRSN3","6","HOLIDAY (LEGAL OR RELIGIOUS)"
"PEHRRSN3","7","CHILD CARE PROBLEMS"
"PEHRRSN3","8","OTHER FAMILY/PERSONAL OBLIGATIONS"
"PUHROFF1","1","YES"
"PUHROFF1","2","NO"
"PUHROFF2","0","MIN VALUE"
"PUHROFF2","99","MAX VALUE"
"PUHROT1","1","YES"
"PUHROT1","2","NO"
"PUHROT2","0","MIN VALUE"
"PUHROT2","99","MAX VALUE"
"PEHRACT1","0","MIN VALUE"
"PEHRACT1","99","MAX VALUE"
"PEHRACT2","0","MIN VALUE"
"PEHRACT2","99","MAX VALUE"
"PEHRACTT","0","MIN VALUE"
"PEHRACTT","198","MAX VALUE"
"PEHRAVL","1","YES"
"PEHRAVL","2","NO"
"PUHRCK1","1","GOTO PUHRUSL2"
"PUHRCK1","2","GOTO PUHRUSLT"
"PUHRCK2","1","THEN"
"PUHRCK2","0","-34 IN"
"PUHRCK2","2","AND"
"PUHRCK2","3","IF ENTRY OF 2, D OR R IN MJ"
"PUHRCK2","4","IF ENTRY OF 1 IN BUS1 AND ENTRY"
"PUHRCK2","5","ALL OTHERS GOTO HRCK3-C"
"PUHRCK3","1","IN BUS AND CURRENT"
"PUHRCK3","2","IF ENTRY OF 3 IN RET1 GOTO HRCK8"
"PUHRCK3","8",""
"PUHRCK3","3","IF ENTRY IN HRUSLT IS 0-34 HOURS GOTO HRCK4-C"
"PUHRCK3","4","IF ENTRY IN HRUSLT IS 35+ GOTO HROFF1"
"PUHRCK3","5","ALL OTHERS GOTO HRCK4-C"
"PUHRCK3","6","GOTO PUHRCK4"
"PUHRCK4","1",""
"PUHRCK4","2","IF ENTRY OF 2, D OR R IN BUS2 THEN GOTO HROFF1"
"PUHRCK4","3","IF HRUSLT IS 0-34 THEN GOTO HRWANT"
"PUHRCK4","4","IF ENTRY OF 2 IN HRFTPT THEN GOTO HRWANT"
"PUHRCK4","5","ALL OTHERS GOTO HRACT1"
"PUHRCK5","1","IF ENTRY OF 1 IN MJOT GOTO HRACT2"
"PUHRCK5","2","ALL OTHERS GOTO HRCK6-C"
"PUHRCK6","1","IN ABSOT AND GOTO ABSRSN"
"PUHRCK6","2","IF HRACT1 AND HRACT2 EQ 0 THEN"
"PUHRCK6","3","ALL OTHERS GOTO HRACTT-C"
"PUHRCK7","1",", 2, 3 IN HRRSN1) GOTO HRAVL"
"PUHRCK7","2","(IF ENTRY OF 2, D OR R IN BUS2) AND"
"PUHRCK7","3",""
"PUHRCK7","35",") AND ENTRY IN HRACT1 OR HRACT2"
"PUHRCK7","4","IF ENTRY OF 1 IN HRWANT AND HRACTT < 35"
"PUHRCK7","5","ALL OTHERS GOTO HRCK8"
"PUHRCK12","1","IF ENTRY OF 2, D OR R IN BUS2"
"PUHRCK12","15",""
"PUHRCK12","2","ALL OTHERS GOTO IOCK1"
"PULAYDT","1","YES"
"PULAYDT","2","NO"
"PULAY6M","1","YES"
"PULAY6M","2","NO"
"PELAYAVL","1","YES"
"PELAYAVL","2","NO"
"PULAYAVR","1","OWN TEMPORARY ILLNESS"
"PULAYAVR","2","GOING TO SCHOOL"
"PULAYAVR","3","OTHER"
"PELAYLK","1","YES"
"PELAYLK","2","NO"
"PELAYDUR","01","-51	Weeks on layoff"
"PELAYDUR","52","weeks starting April 2011"
"PELAYFTO","1","YES"
"PELAYFTO","2","NO"
"PULAYCK1","1","GOTO PULAYCK3"
"PULAYCK1","2","GOTO PULAYFT"
"PULAYCK1","3","GOTO PULAYDR"
"PULAYCK2","1","GOTO PULAYDR3"
"PULAYCK2","2","GOTO PULAYFT"
"PULAYCK3","1","MISCK = 5 GOTO IO1INT"
"PULAYCK3","2","I-ICR = 1 OR I-OCR = 1, GOTO IO1INT"
"PULAYCK3","3","ALL OTHERS GOTO SCHCK"
"PULK","1","YES"
"PULK","2","NO"
"PULK","3","RETIRED"
"PULK","4","DISABLED"
"PULK","5","UNABLE TO WORK"
"PELKM1","1","CONTACTED EMPLOYER DIRECTLY/INTERVIEW"
"PELKM1","2","CONTACTED PUBLIC EMPLOYMENT AGENCY"
"PELKM1","3","CONTACTED PRIVATE EMPLOYMENT AGENCY"
"PELKM1","4","CONTACTED FRIENDS OR RELATIVES"
"PELKM1","5","CONTACTED SCHOOL/UNIVERSITY EMPL CENTER"
"PELKM1","6","SENT OUT RESUMES/FILLED OUT APPLICATION"
"PELKM1","7","CHECKED UNION/PROFESSIONAL REGISTERS"
"PELKM1","8","PLACED OR ANSWERED ADS"
"PELKM1","9","OTHER ACTIVE"
"PELKM1","10","LOOKED AT ADS"
"PELKM1","11","ATTENDED JOB TRAINING PROGRAMS/COURSES"
"PELKM1","12","NOTHING"
"PELKM1","13","OTHER PASSIVE"
"PULKM2","1","CONTACTED EMPLOYER DIRECTLY/INTERVIEW"
"PULKM2","2","CONTACTED PUBLIC EMPLOYMENT AGENCY"
"PULKM2","3","CONTACTED PRIVATE EMPLOYMENT AGENCY"
"PULKM2","4","CONTACTED FRIENDS OR RELATIVES"
"PULKM2","5","CONTACTED SCHOOL/UNIVERSITY EMPL CENTER"
"PULKM2","6","SENT OUT RESUMES/FILLED OUT APPLICATION"
"PULKM2","7","CHECKED UNION/PROFESSIONAL REGISTERS"
"PULKM2","8","PLACED OR ANSWERED ADS"
"PULKM2","9","OTHER ACTIVE"
"PULKM2","10","LOOKED AT ADS"
"PULKM2","11","ATTENDED JOB TRAINING PROGRAMS/COURSES"
"PULKM2","13","OTHER PASSIVE"
"PULKM3","1","CONTACTED EMPLOYER DIRECTLY/INTERVIEW"
"PULKM3","2","CONTACTED PUBLIC EMPLOYMENT AGENCY"
"PULKM3","3","CONTACTED PRIVATE EMPLOYMENT AGENCY"
"PULKM3","4","CONTACTED FRIENDS OR RELATIVES"
"PULKM3","5","CONTACTED SCHOOL/UNIVERSITY EMPL CENTER"
"PULKM3","6","SENT OUT RESUMES/FILLED OUT APPLICATION"
"PULKM3","7","CHECKED UNION/PROFESSIONAL REGISTERS"
"PULKM3","8","PLACED OR ANSWERED ADS"
"PULKM3","9","OTHER ACTIVE"
"PULKM3","10","LOOKED AT ADS"
"PULKM3","11","ATTENDED JOB TRAINING PROGRAMS/COURSES"
"PULKM3","13","OTHER PASSIVE"
"PULKM4","1","CONTACTED EMPLOYER DIRECTLY/INTERVIEW"
"PULKM4","2","CONTACTED PUBLIC EMPLOYMENT AGENCY"
"PULKM4","3","CONTACTED PRIVATE EMPLOYMENT AGENCY"
"PULKM4","4","CONTACTED FRIENDS OR RELATIVES"
"PULKM4","5","CONTACTED SCHOOL/UNIVERSITY EMPL CENTER"
"PULKM4","6","SENT OUT RESUMES/FILLED OUT APPLICATION"
"PULKM4","7","CHECKED UNION/PROFESSIONAL REGISTERS"
"PULKM5","1","CONTACTED EMPLOYER DIRECTLY/INTERVIEW"
"PULKM5","2","CONTACTED PUBLIC EMPLOYMENT AGENCY"
"PULKM5","3","CONTACTED PRIVATE EMPLOYMENT AGENCY"
"PULKM5","4","CONTACTED FRIENDS OR RELATIVES"
"PULKM5","5","CONTACTED SCHOOL/UNIVERSITY EMPL CENTER"
"PULKM5","6","SENT OUT RESUMES/FILLED OUT APPLICATION"
"PULKM5","7","CHECKED UNION/PROFESSIONAL REGISTERS"
"PULKM5","8","PLACED OR ANSWERED ADS"
"PULKM5","9","OTHER ACTIVE"
"PULKM5","10","LOOKED AT ADS"
"PULKM5","11","ATTENDED JOB TRAINING PROGRAMS/COURSES"
"PULKM5","13","OTHER PASSIVE"
"PULKM6","1","CONTACTED EMPLOYER DIRECTLY/INTERVIEW"
"PULKM6","2","CONTACTED PUBLIC EMPLOYMENT AGENCY"
"PULKM6","3","CONTACTED PRIVATE EMPLOYMENT AGENCY"
"PULKM6","4","CONTACTED FRIENDS OR RELATIVES"
"PULKM6","5","CONTACTED SCHOOL/UNIVERSITY EMPL CENTER"
"PULKM6","6","SENT OUT RESUMES/FILLED OUT APPLICATION"
"PULKM6","7","CHECKED UNION/PROFESSIONAL REGISTERS"
"PULKM6","8","PLACED OR ANSWERED ADS"
"PULKM6","9","OTHER ACTIVE"
"PULKM6","10","LOOKED AT ADS"
"PULKM6","11","ATTENDED JOB TRAINING PROGRAMS/COURSES"
"PULKM6","13","OTHER PASSIVE"
"PULKDK1","1","CONTACTED EMPLOYER DIRECTLY/INTERVIEW"
"PULKDK1","2","CONTACTED PUBLIC EMPLOYMENT AGENCY"
"PULKDK1","3","CONTACTED PRIVATE EMPLOYMENT AGENCY"
"PULKDK1","4","CONTACTED FRIENDS OR RELATIVES"
"PULKDK1","5","CONTACTED SCHOOL/UNIVERSITY EMPL CENTER"
"PULKDK1","6","SENT OUT RESUMES/FILLED OUT APPLICATION"
"PULKDK1","7","CHECKED UNION/PROFESSIONAL REGISTERS"
"PULKDK1","8","PLACED OR ANSWERED ADS"
"PULKDK1","9","OTHER ACTIVE"
"PULKDK1","10","LOOKED AT ADS"
"PULKDK1","11","ATTENDED JOB TRAINING PROGRAMS/COURSES"
"PULKDK1","12","NOTHING"
"PULKDK1","13","OTHER PASSIVE"
"PULKDK2","1","CONTACTED EMPLOYER DIRECTLY/INTERVIEW"
"PULKDK2","2","CONTACTED PUBLIC EMPLOYMENT AGENCY"
"PULKDK2","3","CONTACTED PRIVATE EMPLOYMENT AGENCY"
"PULKDK2","4","CONTACTED FRIENDS OR RELATIVES"
"PULKDK2","5","CONTACTED SCHOOL/UNIVERSITY EMPL CENTER"
"PULKDK2","6","SENT OUT RESUMES/FILLED OUT APPLICATION"
"PULKDK2","7","CHECKED UNION/PROFESSIONAL REGISTERS"
"PULKDK2","8","PLACED OR ANSWERED ADS"
"PULKDK2","9","OTHER ACTIVE"
"PULKDK2","10","LOOKED AT ADS"
"PULKDK2","11","ATTENDED JOB TRAINING PROGRAMS/COURSES"
"PULKDK2","13","OTHER PASSIVE"
"PULKDK3","1","CONTACTED EMPLOYER DIRECTLY/INTERVIEW"
"PULKDK3","2","CONTACTED PUBLIC EMPLOYMENT AGENCY"
"PULKDK3","3","CONTACTED PRIVATE EMPLOYMENT AGENCY"
"PULKDK3","4","CONTACTED FRIENDS OR RELATIVES"
"PULKDK3","5","CONTACTED SCHOOL/UNIVERSITY EMPL CENTER"
"PULKDK3","6","SENT OUT RESUMES/FILLED OUT APPLICATION"
"PULKDK3","7","CHECKED UNION/PROFESSIONAL REGISTERS"
"PULKDK4","1","CONTACTED EMPLOYER DIRECTLY/INTERVIEW"
"PULKDK4","2","CONTACTED PUBLIC EMPLOYMENT AGENCY"
"PULKDK4","3","CONTACTED PRIVATE EMPLOYMENT AGENCY"
"PULKDK4","4","CONTACTED FRIENDS OR RELATIVES"
"PULKDK4","5","CONTACTED SCHOOL/UNIVERSITY EMPL CENTER"
"PULKDK4","6","SENT OUT RESUMES/FILLED OUT APPLICATION"
"PULKDK4","7","CHECKED UNION/PROFESSIONAL REGISTERS"
"PULKDK4","8","PLACED OR ANSWERED ADS"
"PULKDK4","9","OTHER ACTIVE"
"PULKDK4","10","LOOKED AT ADS"
"PULKDK4","11","ATTENDED JOB TRAINING PROGRAMS/COURSES"
"PULKDK4","13","OTHER PASSIVE"
"PULKDK5","1","CONTACTED EMPLOYER DIRECTLY/INTERVIEW"
"PULKDK5","2","CONTACTED PUBLIC EMPLOYMENT AGENCY"
"PULKDK5","3","CONTACTED PRIVATE EMPLOYMENT AGENCY"
"PULKDK5","4","CONTACTED FRIENDS OR RELATIVES"
"PULKDK5","5","CONTACTED SCHOOL/UNIVERSITY EMPL CENTER"
"PULKDK5","6","SENT OUT RESUMES/FILLED OUT APPLICATION"
"PULKDK5","7","CHECKED UNION/PROFESSIONAL REGISTERS"
"PULKDK5","8","PLACED OR ANSWERED ADS"
"PULKDK5","9","OTHER ACTIVE"
"PULKDK5","10","LOOKED AT ADS"
"PULKDK5","11","ATTENDED JOB TRAINING PROGRAMS/COURSES"
"PULKDK5","13","OTHER PASSIVE"
"PULKDK6","1","CONTACTED EMPLOYER DIRECTLY/INTERVIEW"
"PULKDK6","2","CONTACTED PUBLIC EMPLOYMENT AGENCY"
"PULKDK6","3","CONTACTED PRIVATE EMPLOYMENT AGENCY"
"PULKDK6","4","CONTACTED FRIENDS OR RELATIVES"
"PULKDK6","5","CONTACTED SCHOOL/UNIVERSITY EMPL CENTER"
"PULKDK6","6","SENT OUT RESUMES/FILLED OUT APPLICATION"
"PULKDK6","7","CHECKED UNION/PROFESSIONAL REGISTERS"
"PULKDK6","8","PLACED OR ANSWERED ADS"
"PULKDK6","9","OTHER ACTIVE"
"PULKDK6","10","LOOKED AT ADS"
"PULKDK6","11","ATTENDED JOB TRAINING PROGRAMS/COURSES"
"PULKDK6","13","OTHER PASSIVE"
"PULKPS1","1","CONTACTED EMPLOYER DIRECTLY/INTERVIEW"
"PULKPS1","2","CONTACTED PUBLIC EMPLOYMENT AGENCY"
"PULKPS1","3","CONTACTED PRIVATE EMPLOYMENT AGENCY"
"PULKPS1","4","CONTACTED FRIENDS OR RELATIVES"
"PULKPS1","5","CONTACTED SCHOOL/UNIVERSITY EMPL CENTER"
"PULKPS1","6","SENT OUT RESUMES/FILLED OUT APPLICATION"
"PULKPS1","7","CHECKED UNION/PROFESSIONAL REGISTERS"
"PULKPS1","8","PLACED OR ANSWERED ADS"
"PULKPS1","9","OTHER ACTIVE"
"PULKPS1","10","LOOKED AT ADS"
"PULKPS1","11","ATTENDED JOB TRAINING PROGRAMS/COURSES"
"PULKPS1","12","NOTHING"
"PULKPS1","13","OTHER PASSIVE"
"PULKPS2","1","CONTACTED EMPLOYER DIRECTLY/INTERVIEW"
"PULKPS2","2","CONTACTED PUBLIC EMPLOYMENT AGENCY"
"PULKPS2","3","CONTACTED PRIVATE EMPLOYMENT AGENCY"
"PULKPS2","4","CONTACTED FRIENDS OR RELATIVES"
"PULKPS2","5","CONTACTED SCHOOL/UNIVERSITY EMPL CENTER"
"PULKPS2","6","SENT OUT RESUMES/FILLED OUT APPLICATION"
"PULKPS2","7","CHECKED UNION/PROFESSIONAL REGISTERS"
"PULKPS2","8","PLACED OR ANSWERED ADS"
"PULKPS2","9","OTHER ACTIVE"
"PULKPS2","10","LOOKED AT ADS"
"PULKPS2","11","ATTENDED JOB TRAINING PROGRAMS/COURSES"
"PULKPS2","13","OTHER PASSIVE"
"PULKPS3","1","CONTACTED EMPLOYER DIRECTLY/INTERVIEW"
"PULKPS3","2","CONTACTED PUBLIC EMPLOYMENT AGENCY"
"PULKPS3","3","CONTACTED PRIVATE EMPLOYMENT AGENCY"
"PULKPS3","4","CONTACTED FRIENDS OR RELATIVES"
"PULKPS3","5","CONTACTED SCHOOL/UNIVERSITY EMPL CENTER"
"PULKPS3","6","SENT OUT RESUMES/FILLED OUT APPLICATION"
"PULKPS3","7","CHECKED UNION/PROFESSIONAL REGISTERS"
"PULKPS3","8","PLACED OR ANSWERED ADS"
"PULKPS3","9","OTHER ACTIVE"
"PULKPS3","10","LOOKED AT ADS"
"PULKPS3","11","ATTENDED JOB TRAINING PROGRAMS/COURSES"
"PULKPS3","13","OTHER PASSIVE"
"PULKPS4","1","CONTACTED EMPLOYER DIRECTLY/INTERVIEW"
"PULKPS4","2","CONTACTED PUBLIC EMPLOYMENT AGENCY"
"PULKPS4","3","CONTACTED PRIVATE EMPLOYMENT AGENCY"
"PULKPS4","4","CONTACTED FRIENDS OR RELATIVES"
"PULKPS4","5","CONTACTED SCHOOL/UNIVERSITY EMPL CENTER"
"PULKPS4","6","SENT OUT RESUMES/FILLED OUT APPLICATION"
"PULKPS4","7","CHECKED UNION/PROFESSIONAL REGISTERS"
"PULKPS4","8","PLACED OR ANSWERED ADS"
"PULKPS4","9","OTHER ACTIVE"
"PULKPS4","10","LOOKED AT ADS"
"PULKPS4","11","ATTENDED JOB TRAINING PROGRAMS/COURSES"
"PULKPS4","13","OTHER PASSIVE"
"PULKPS5","1","CONTACTED EMPLOYER DIRECTLY/INTERVIEW"
"PULKPS5","2","CONTACTED PUBLIC EMPLOYMENT AGENCY"
"PULKPS5","3","CONTACTED PRIVATE EMPLOYMENT AGENCY"
"PULKPS5","4","CONTACTED FRIENDS OR RELATIVES"
"PULKPS6","1","CONTACTED EMPLOYER DIRECTLY/INTERVIEW"
"PULKPS6","2","CONTACTED PUBLIC EMPLOYMENT AGENCY"
"PULKPS6","3","CONTACTED PRIVATE EMPLOYMENT AGENCY"
"PULKPS6","4","CONTACTED FRIENDS OR RELATIVES"
"PULKPS6","5","CONTACTED SCHOOL/UNIVERSITY EMPL CENTER"
"PULKPS6","6","SENT OUT RESUMES/FILLED OUT APPLICATION"
"PULKPS6","7","CHECKED UNION/PROFESSIONAL REGISTERS"
"PULKPS6","8","PLACED OR ANSWERED ADS"
"PULKPS6","9","OTHER ACTIVE"
"PULKPS6","10","LOOKED AT ADS"
"PULKPS6","11","ATTENDED JOB TRAINING PROGRAMS/COURSES"
"PULKPS6","13","OTHER PASSIVE"
"PELKAVL","1","YES"
"PELKAVL","2","NO"
"PULKAVR","1","WAITING FOR NEW JOB TO BEGIN"
"PULKAVR","2","OWN TEMPORARY ILLNESS"
"PULKAVR","3","GOING TO SCHOOL"
"PULKAVR","4","OTHER - SPECIFY"
"PELKLL1O","1","WORKING"
"PELKLL1O","2","SCHOOL"
"PELKLL1O","3","LEFT MILITARY SERVICE"
"PELKLL1O","4","SOMETHING ELSE"
"PELKLL2O","1","LOST JOB"
"PELKLL2O","2","QUIT JOB"
"PELKLL2O","3","TEMPORARY JOB ENDED"
"PELKLWO","1","WITHIN THE LAST 12 MONTHS"
"PELKLWO","2","MORE THAN 12 MONTHS AGO"
"PELKLWO","3","NEVER WORKED"
"PELKDUR","0","-118	Weeks looking for work"
"PELKDUR","119","119 or more weeks looking"
"PELKFTO","1","YES"
"PELKFTO","2","NO"
"PELKFTO","3","DOESN'T MATTER"
"PEDWWNTO","1","YES, OR MAYBE, IT DEPENDS"
"PEDWWNTO","2","NO"
"PEDWWNTO","3","RETIRED"
"PEDWWNTO","4","DISABLED"
"PEDWWNTO","5","UNABLE"
"PEDWRSN","1","BELIEVES NO WORK AVAILABLE IN AREA OF EXPERTISE"
"PEDWRSN","2","COULDN'T FIND ANY WORK"
"PEDWRSN","3","LACKS NECESSARY SCHOOLING/TRAINING"
"PEDWRSN","4","EMPLOYERS THINK TOO YOUNG OR TOO OLD"
"PEDWRSN","5","OTHER TYPES OF DISCRIMINATION"
"PEDWRSN","6","CAN'T ARRANGE CHILD CARE"
"PEDWRSN","7","FAMILY RESPONSIBILITIES"
"PEDWLKO","1","YES"
"PEDWLKO","2","NO"
"PEDWWK","1","YES"
"PEDWWK","2","NO"
"PEDW4WK","1","YES"
"PEDW4WK","2","NO"
"PEDWLKWK","1","YES"
"PEDWLKWK","2","NO"
"PEDWAVL","1","YES"
"PEDWAVL","2","NO"
"PEDWAVR","1","OWN TEMPORARY ILLNESS"
"PEDWAVR","2","GOING TO SCHOOL"
"PEDWAVR","3","OTHER"
"PUDWCK1","1","IF ENTRY OF 2 IN BUS2 GOTO PUSCHCK"
"PUDWCK1","2","IF ENTRY OF 3 ON ABSRSN GOTO PUNLFCK1"
"PUDWCK1","3","IF ENTRY OF 1 IN RET1, STORE 1 IN DWWNTO"
"PUDWCK1","4","ALL OTHERS GOTO PUDWWNT"
"PUDWCK2","1","IF ENTRY IN DIS1 OR DIS2 GOTO PUJHCK1-C"
"PUDWCK2","2","IF ENTRY OF 4 IN DWWNT GOTO PUDIS1"
"PUDWCK2","3","IF ENTRY OF 5 IN DWWNT GOTO PUDIS2"
"PUDWCK2","4","ALL OTHERS GOTO PUDWCK4"
"PUDWCK3","1","IF AGERNG EQUALS 1-4 OR 9 GOTO PUDWCK4"
"PUDWCK3","2","ALL OTHERS GOTO PUNLFCK2"
"PUDWCK4","1","-LKPS3 GOTO PUDWCK5"
"PUDWCK4","2","IF ENTRY OF 10 AND/OR 11 AND/OR 13"
"PUDWCK4","3","IF ENTRY OF 10 AND/OR 11 AND/OR 13"
"PUDWCK4","4","ALL OTHERS GOTO PUDWRSN"
"PUDWCK5","1","IF ENTRY OF 1 IN LK THEN STORE 1"
"PUDWCK5","2","ALL OTHERS GOTO PUDWLK"
"PEJHWKO","1","YES"
"PEJHWKO","2","NO"
"PUJHDP1O","1","YES"
"PUJHDP1O","2","NO"
"PEJHRSN","1","PERSONAL/FAMILY (INCLUDING PREGNANCY)"
"PEJHRSN","2","RETURN TO SCHOOL"
"PEJHRSN","3","HEALTH"
"PEJHRSN","4","RETIREMENT OR OLD AGE"
"PEJHRSN","5","TEMP, SEASONAL OR INTERMITTENT JOB COMPLETE"
"PEJHRSN","6","SLACK WORK/BUSINESS CONDITIONS"
"PEJHRSN","7","UNSATISFACTORY WORK ARRANGEMENTS (HRS, PAY, ETC.)"
"PEJHRSN","8","OTHER - SPECIFY"
"PEJHWANT","1","YES, OR IT DEPENDS"
"PEJHWANT","2","NO"
"PUJHCK1","1","PURET1 = 1, -2, OR -3"
"PUJHCK1","2",""
"PUJHCK1","3","ALL OTHERS GOTO PUNLFCK1"
"PUJHCK2","1","IN JHWKO, STORE"
"PUJHCK2","4","WK IN JHDP1O AND GOTO PUJHRSN"
"PUJHCK2","2","IF ENTRY OF 2, D OR R IN DWWK THEN STORE DWWK IN"
"PUJHCK2","3","ALL OTHERS GOTO PUJHWK"
"PRABSREA","1","FT PAID-VACATION"
"PRABSREA","2","FT PAID-OWN ILLNESS"
"PRABSREA","3","FT PAID-CHILD CARE PROBLEMS"
"PRABSREA","4","FT PAID-OTHER FAMILY/PERSONAL OBLIG."
"PRABSREA","5","FT PAID-MATERNITY/PATERNITY LEAVE"
"PRABSREA","6","FT PAID-LABOR DISPUTE"
"PRABSREA","7","FT PAID-WEATHER AFFECTED JOB"
"PRABSREA","8","FT PAID-SCHOOL/TRAINING"
"PRABSREA","9","FT PAID-CIVIC/MILITARY DUTY"
"PRABSREA","10","FT PAID-OTHER"
"PRABSREA","11","FT UNPAID-VACATION"
"PRABSREA","12","FT UNPAID-OWN ILLNESS"
"PRABSREA","13","FT UNPAID-CHILD CARE PROBLEMS"
"PRABSREA","14","FT UNPAID-OTHER FAM/PERSONAL OBLIGATION"
"PRABSREA","15","FT UNPAID-MATERNITY/PATERNITY LEAVE"
"PRABSREA","16","FT UNPAID-LABOR DISPUTE"
"PRABSREA","17","FT UNPAID-WEATHER AFFECTED JOB"
"PRABSREA","18","FT UNPAID-SCHOOL/TRAINING"
"PRABSREA","19","FT UNPAID-CIVIC/MILITARY DUTY"
"PRABSREA","20","FT UNPAID-OTHER"
"PRABSREA","21","PT PAID-VACATION"
"PRABSREA","22","PT PAID-OWN ILLNESS"
"PRABSREA","23","PT PAID-CHILD CARE PROBLEMS"
"PRABSREA","24","PT PAID-OTHER FAMILY/PERSONAL OBLIG."
"PRABSREA","25","PT PAID-MATERNITY/PATERNITY LEAVE"
"PRABSREA","26","PT PAID-LABOR DISPUTE"
"PRABSREA","27","PT PAID-WEATHER AFFECTED JOB"
"PRABSREA","28","PT PAID-SCHOOL/TRAINING"
"PRABSREA","29","PT PAID-CIVIC/MILITARY DUTY"
"PRABSREA","30","PT PAID-OTHER"
"PRABSREA","31","PT UNPAID-VACATION"
"PRABSREA","32","PT UNPAID-OWN ILLNESS"
"PRABSREA","33","PT UNPAID-CHILD CARE PROBLEMS"
"PRABSREA","34","PT UNPAID-OTHER FAM/PERSONAL OBLIGATION"
"PRABSREA","35","PT UNPAID-MATERNITY/PATERNITY LEAVE"
"PRABSREA","36","PT UNPAID-LABOR DISPUTE"
"PRABSREA","37","PT UNPAID-WEATHER AFFECTED JOB"
"PRABSREA","38","PT UNPAID-SCHOOL/TRAINING"
"PRABSREA","39","PT UNPAID-CIVIC/MILITARY DUTY"
"PRABSREA","40","PT UNPAID-OTHER"
"PRCIVLF","01","IN CIVILIAN LABOR FORCE"
"PRCIVLF","02","NOT IN CIVILIAN LABOR FORCE"
"PRDISC","1","DISCOURAGED WORKER"
"PRDISC","2","CONDITIONALLY INTERESTED"
"PRDISC","3","NOT AVAILABLE"
"PREMPHRS","0","UNEMPLOYED AND NILF"
"PREMPHRS","1","W/JOB, NOT AT WORK-ILLNES"
"PREMPHRS","2","W/JOB, NOT AT WORK-VACATION"
"PREMPHRS","3","W/JOB, NOT AT WORK-WEATHER AFFECTED JOB"
"PREMPHRS","4","W/JOB, NOT AT WORK-LABOR DISPUTE"
"PREMPHRS","5","W/JOB, NOT AT WORK-CHILD CARE PROBLEMS"
"PREMPHRS","6","W/JOB, NOT AT WORK-FAM/PERS OBLIGATION"
"PREMPHRS","7","W/JOB, NOT AT WORK-MATERNITY/PATERNITY"
"PREMPHRS","8","W/JOB, NOT AT WORK-SCHOOL/TRAINING"
"PREMPHRS","9","W/JOB, NOT AT WORK-CIVIC/MILITARY DUTY"
"PREMPHRS","10","W/JOB, NOT AT WORK-DOES NOT WORK IN BUS"
"PREMPHRS","11","W/JOB, NOT AT WORK-OTHER"
"PREMPHRS","12","AT WORK- 1-4 HRS"
"PREMPHRS","13","AT WORK- 5-14 HRS"
"PREMPHRS","14","AT WORK- 15-21 HRS"
"PREMPHRS","15","AT WORK- 22-29 HRS"
"PREMPHRS","16","AT WORK- 30-34 HRS"
"PREMPHRS","17","AT WORK- 35-39 HRS"
"PREMPHRS","18","AT WORK- 40 HRS"
"PREMPHRS","19","AT WORK- 41-47 HRS"
"PREMPHRS","20","AT WORK- 48 HRS"
"PREMPHRS","21","AT WORK- 49-59 HRS"
"PREMPHRS","22","AT WORK- 60 HRS OR MORE"
"PREMPNOT","1","EMPLOYED"
"PREMPNOT","2","UNEMPLOYED"
"PREMPNOT","3","NOT IN LABOR FORCE (NILF)-discouraged"
"PREMPNOT","4","NOT IN LABOR FORCE (NILF)-other"
"PREXPLF","1","EMPLOYED"
"PREXPLF","2","UNEMPLOYED"
"PRFTLF","1","FULL TIME LABOR FORCE"
"PRFTLF","2","PART TIME LABOR FORCE"
"PRHRUSL","1","0-20 HRS"
"PRHRUSL","2","21-34 HRS"
"PRHRUSL","3","35-39 HRS"
"PRHRUSL","4","40 HRS"
"PRHRUSL","5","41-49 HRS"
"PRHRUSL","6","50 OR MORE HRS"
"PRHRUSL","7","VARIES-FULL TIME"
"PRHRUSL","8","VARIES-PART TIME"
"PRJOBSEA","1","LOOKED LAST 12 MONTHS, SINCE COMPLETING PREVIOUS JOB"
"PRJOBSEA","2","LOOKED AND WORKED IN THE LAST 4 WEEKS"
"PRJOBSEA","3","LOOKED LAST 4 WEEKS - LAYOFF"
"PRJOBSEA","4","UNAVAILABLE JOB SEEKERS"
"PRJOBSEA","5","NO RECENT JOB SEARCH"
"PRPTHRS","0","USUALLY FT, PT FOR NONECONOMIC REASONS"
"PRPTHRS","1","USUALLY.FT, PT ECON REASONS; 1-4 HRS"
"PRPTHRS","2","USUALLY.FT, PT ECON REASONS; 5-14 HRS"
"PRPTHRS","3","USUALLY.FT, PT ECON REASONS; 15-29 HRS"
"PRPTHRS","4","USUALLY.FT, PT ECON REASONS; 30-34 HRS"
"PRPTHRS","5","USUALLY.PT, ECON REASONS; 1-4 HRS"
"PRPTHRS","6","USUALLY.PT, ECON REASONS; 5-14 HRS"
"PRPTHRS","7","USUALLY.PT, ECON REASONS; 15-29 HRS"
"PRPTHRS","8","USUALLY.PT, ECON REASONS; 30-34 HRS"
"PRPTHRS","9","USUALLY.PT, NON-ECON REASONS; 1-4 HRS"
"PRPTHRS","10","USUALLY.PT, NON-ECON REASONS; 5-14 HRS"
"PRPTHRS","11","USUALLY.PT, NON-ECON REASONS; 15-29 HRS"
"PRPTHRS","12","USUALLY.PT, NON-ECON REASONS; 30-34 HRS"
"PRPTREA","1","USU. FT-SLACK WORK/BUSINESS CONDITIONS"
"PRPTREA","2","USU. FT-SEASONAL WORK"
"PRPTREA","3","USU. FT-JOB STARTED/ENDED DURING WEEK"
"PRPTREA","4","USU. FT-VACATION/PERSONAL DAY"
"PRPTREA","5","USU. FT-OWN ILLNESS/INJURY/MEDICAL APPOINTMENT"
"PRPTREA","6","USU. FT-HOLIDAY (RELIGIOUS OR LEGAL)"
"PRPTREA","7","USU. FT-CHILD CARE PROBLEMS"
"PRPTREA","8","USU. FT-OTHER FAM/PERS OBLIGATIONS"
"PRPTREA","9","USU. FT-LABOR DISPUTE"
"PRPTREA","10","USU. FT-WEATHER AFFECTED JOB"
"PRPTREA","11","USU. FT-SCHOOL/TRAINING"
"PRPTREA","12","USU. FT-CIVIC/MILITARY DUTY"
"PRPTREA","13","USU. FT-OTHER REASON"
"PRPTREA","14","USU. PT-SLACK WORK/BUSINESS CONDITIONS"
"PRPTREA","15","USU. PT-COULD ONLY FIND PT WORK"
"PRPTREA","16","USU. PT-SEASONAL WORK"
"PRPTREA","17","USU. PT-CHILD CARE PROBLEMS"
"PRPTREA","18","USU. PT-OTHER FAM/PERS OBLIGATIONS"
"PRPTREA","19","USU. PT-HEALTH/MEDICAL LIMITATIONS"
"PRPTREA","20","USU. PT-SCHOOL/TRAINING"
"PRPTREA","21","USU. PT-RETIRED/S.S. LIMIT ON EARNINGS"
"PRPTREA","22","USU. PT-WORKWEEK <35 HOURS"
"PRPTREA","23","USU. PT-OTHER REASON"
"PRUNEDUR","0","MIN VALUE"
"PRUNEDUR","119","MAX VALUE"
"PRUNTYPE","1","JOB LOSER/ON LAYOFF"
"PRUNTYPE","2","OTHER JOB LOSER"
"PRUNTYPE","3","TEMPORARY JOB ENDED"
"PRUNTYPE","4","JOB LEAVER"
"PRUNTYPE","5","RE-ENTRANT"
"PRUNTYPE","6","NEW-ENTRANT"
"PRWKSCH","0","NOT IN LABOR FORCE"
"PRWKSCH","1","AT WORK"
"PRWKSCH","2","WITH JOB, NOT AT WORK"
"PRWKSCH","3","UNEMPLOYED, SEEKS FT"
"PRWKSCH","4","UNEMPLOYED, SEEKS PT"
"PRWKSTAT","1","NOT IN LABOR FORCE"
"PRWKSTAT","2","FT HOURS (35+), USUALLY FT"
"PRWKSTAT","3","PT FOR ECONOMIC REASONS, USUALLY FT"
"PRWKSTAT","4","PT FOR NON-ECONOMIC REASONS, USUALLY FT"
"PRWKSTAT","5","NOT AT WORK, USUALLY FT"
"PRWKSTAT","6","PT HRS, USUALLY PT FOR ECONOMIC REASONS"
"PRWKSTAT","7","PT HRS, USUALLY PT FOR NON-ECONOMIC REASONS"
"PRWKSTAT","8","FT HOURS, USUALLY PT FOR ECONOMIC REASONS"
"PRWKSTAT","9","FT HOURS, USUALLY PT FOR NON-ECONOMIC"
"PRWKSTAT","10","NOT AT WORK, USUALLY PART-TIME"
"PRWKSTAT","11","UNEMPLOYED FT"
"PRWKSTAT","12","UNEMPLOYED PT"
"PRWNTJOB","1","WANT A JOB"
"PRWNTJOB","2","OTHER NOT IN LABOR FORCE"
"PUJHCK3","1","IF I-MLR EQ 3 OR 4 THEN GOTO PUJHDP1"
"PUJHCK3","2","ALL OTHERS GOTO PUJHRSN"
"PUJHCK4","1","INT"
"PUJHCK4","5",""
"PUJHCK4","2","IF ENTRY OF 1 IN PUDW4WK OR IN PUJHDP10"
"PUJHCK4","3","IF I-MLR EQUALS 1 OR 2 AND ENTRY IN"
"PUJHCK4","4","IF ENTRY IN PUJHRSN THEN GOTO PUIO1INT                                 								5	ALL OTHERS GOTO PUNLFCK1"
"PUJHCK5","1","THEN GOTO PUIO1INT"
"PUJHCK5","2","ALL OTHERS GOTO PUIOCK5"
"PUIODP1","1","YES"
"PUIODP1","2","NO"
"PUIODP2","1","YES"
"PUIODP2","2","NO"
"PUIODP3","1","YES"
"PUIODP3","2","NO"
"PEIO1COW","1","GOVERNMENT - FEDERAL"
"PEIO1COW","2","GOVERNMENT - STATE"
"PEIO1COW","3","GOVERNMENT - LOCAL"
"PEIO1COW","4","PRIVATE, FOR PROFIT"
"PEIO1COW","5","PRIVATE, NONPROFIT"
"PEIO1COW","6","SELF-EMPLOYED, INCORPORATED"
"PEIO1COW","7","SELF-EMPLOYED, UNINCORPORATED"
"PEIO1COW","8","WITHOUT PAY"
"PUIO1MFG","1","MANUFACTURING"
"PUIO1MFG","2","RETAIL TRADE"
"PUIO1MFG","3","WHOLESALE TRADE"
"PUIO1MFG","4","SOMETHING ELSE"
"PEIO2COW","1","GOVERNMENT - FEDERAL"
"PEIO2COW","2","GOVERNMENT - STATE"
"PEIO2COW","3","GOVERNMENT - LOCAL"
"PEIO2COW","4","PRIVATE, FOR PROFIT"
"PEIO2COW","5","PRIVATE, NONPROFIT"
"PEIO2COW","6","SELF-EMPLOYED, INCORPORATED"
"PEIO2COW","7","SELF-EMPLOYED, UNINCORPORATED"
"PEIO2COW","8","WITHOUT PAY"
"PUIO2MFG","1","MANUFACTURING"
"PUIO2MFG","2","RETAIL TRADE"
"PUIO2MFG","3","WHOLESALE TRADE"
"PUIO2MFG","4","SOMETHING ELSE"
"PUIOCK1","1","INT"
"PUIOCK1","2","-4, 6-8 AND I-MLR EQ 3-7)"
"PUIOCK1","3","IF I-IO1NAM IS D, R OR BLANK THEN GOTO PUIO1INT"
"PUIOCK1","4","ALL OTHERS GOTO PUIODP1"
"PUIOCK2","1","IF I-IO1ICR EQ 1 THEN GOTO PUIO1IND"
"PUIOCK2","2","IF I-IO1OCR EQ 1 THEN GOTO PUIO1OCC"
"PUIOCK2","3","ALL OTHERS GOTO PUIODP2"
"PUIOCK3","1","IF I-IO1OCC EQUALS D, R OR BLANK THEN GOTO PUIO1OCC"
"PUIOCK3","2","IF I-IO1DT1 IS D, R OR BLANK THEN GOTO PUIO1OCC"
"PUIOCK3","3","ALL OTHERS GOTO PUIODP3"
"PRIOELG","0","NOT ELIGIBLE FOR EDIT"
"PRIOELG","1","ELIGIBLE FOR EDIT"
"PRAGNA","1","AGRICULTURAL"
"PRAGNA","2","NON-AGRICULTURAL"
"PRCOW1","1","FEDERAL GOVT"
"PRCOW1","2","STATE GOVT"
"PRCOW1","3","LOCAL GOVT"
"PRCOW1","4","PRIVATE (INCL. SELF-EMPLOYED INCORP.)"
"PRCOW1","5","SELF-EMPLOYED, UNINCORP."
"PRCOW1","6","WITHOUT PAY"
"PRCOW2","1","FEDERAL GOVT"
"PRCOW2","2","STATE GOVT"
"PRCOW2","3","LOCAL GOVT"
"PRCOW2","4","PRIVATE (INCL. SELF-EMPLOYED INCORP.)"
"PRCOW2","5","SELF-EMPLOYED, UNINCORP."
"PRCOW2","6","WITHOUT PAY"
"PRCOWPG","1","PRIVATE"
"PRCOWPG","2","GOVERNMENT"
"PRDTCOW1","1","AGRI., WAGE & SALARY, PRIVATE"
"PRDTCOW1","2","AGRI., WAGE & SALARY, GOVERNMENT"
"PRDTCOW1","3","AGRI., SELF-EMPLOYED"
"PRDTCOW1","4","AGRI., UNPAID"
"PRDTCOW1","5","NONAG, WS, PRIVATE, PRIVATE HHLDS"
"PRDTCOW1","6","NONAG, WS, PRIVATE, OTHER PRIVATE"
"PRDTCOW1","7","NONAG, WS, GOVT, FEDERAL"
"PRDTCOW1","8","NONAG, WS, GOVT, STATE"
"PRDTCOW1","9","NONAG, WS, GOVT, LOCAL"
"PRDTCOW1","10","NONAG, SELF-EMPLOYED"
"PRDTCOW1","11","NONAG, UNPAID"
"PRDTCOW2","1","AGRI., WAGE & SALARY, PRIVATE"
"PRDTCOW2","2","AGRI., WAGE & SALARY, GOVERNMENT"
"PRDTCOW2","3","AGRI., SELF-EMPLOYED"
"PRDTCOW2","4","AGRI., UNPAID"
"PRDTCOW2","5","NONAG, WS, PRIVATE, PRIVATE HHLDS"
"PRDTCOW2","6","NONAG, WS, PRIVATE, OTHER PRIVATE"
"PRDTCOW2","7","NONAG, WS, GOVT, FEDERAL"
"PRDTCOW2","8","NONAG, WS, GOVT, STATE"
"PRDTCOW2","9","NONAG, WS, GOVT, LOCAL"
"PRDTCOW2","10","NONAG, SELF-EMPLOYED"
"PRDTCOW2","11","NONAG, UNPAID"
"PRDTIND1","1","Agriculture"
"PRDTIND1","2","Forestry, logging, fishing, and hunting"
"PRDTIND1","3","Mining, quarrying, and oil and gas extraction"
"PRDTIND1","4","Construction"
"PRDTIND1","5","Nonmetallic mineral product manufacturing"
"PRDTIND1","6","Primary metals and fabricated metal products"
"PRDTIND1","7","Machinery manufacturing"
"PRDTIND1","8","Computer and electronic product manufacturing"
"PRDTIND1","9","Electrical equipment, appliance manufacturing"
"PRDTIND1","10","Transportation equipment manufacturing"
"PRDTIND1","11","Wood products"
"PRDTIND1","12","Furniture and fixtures manufacturing"
"PRDTIND1","13","Miscellaneous and not specified manufacturing"
"PRDTIND1","14","Food manufacturing"
"PRDTIND1","15","Beverage and tobacco products"
"PRDTIND1","16","Textile, apparel, and leather manufacturing"
"PRDTIND1","17","Paper and printing"
"PRDTIND1","18","Petroleum and coal products manufacturing"
"PRDTIND1","19","Chemical manufacturing"
"PRDTIND1","20","Plastics and rubber products"
"PRDTIND1","21","Wholesale trade"
"PRDTIND1","22","Retail trade"
"PRDTIND1","23","Transportation and warehousing"
"PRDTIND1","24","Utilities"
"PRDTIND1","25","Publishing industries (except internet)"
"PRDTIND1","26","Motion picture and sound recording industries"
"PRDTIND1","27","Broadcasting (except internet)"
"PRDTIND1","28","Internet publishing and broadcasting"
"PRDTIND1","29","Telecommunications"
"PRDTIND1","30","Internet service providers and data processing services"
"PRDTIND1","31","Other information services"
"PRDTIND1","32","Finance"
"PRDTIND1","33","Insurance"
"PRDTIND1","34","Real estate"
"PRDTIND1","35","Rental and leasing services"
"PRDTIND1","36","Professional, scientific, and technical services"
"PRDTIND1","37","Management of companies and enterprises"
"PRDTIND1","38","Administrative and support services"
"PRDTIND1","39","Waste management and remediation services"
"PRDTIND1","40","Educational services"
"PRDTIND1","41","Hospitals"
"PRDTIND1","42","Health care services, except hospitals"
"PRDTIND1","43","Social assistance services"
"PRDTIND1","44","Arts, entertainment, and recreation"
"PRDTIND1","45","Accommodation"
"PRDTIND1","46","Food services and drinking places"
"PRDTIND1","47","Repair and maintenance"
"PRDTIND1","48","Personal and laundry services"
"PRDTIND1","49","Membership associations and organizations"
"PRDTIND1","50","Private households"
"PRDTIND1","51","Public administration"
"PRDTIND1","52","Armed forces"
"PRDTIND2","1","Agriculture"
"PRDTIND2","2","Forestry, logging, fishing, and hunting"
"PRDTIND2","3","Mining, quarrying, and oil and gas extraction"
"PRDTIND2","4","Construction"
"PRDTIND2","5","Nonmetallic mineral product manufacturing"
"PRDTIND2","6","Primary metals and fabricated metal products"
"PRDTIND2","7","Machinery manufacturing"
"PRDTIND2","8","Computer and electronic product manufacturing"
"PRDTIND2","9","Electrical equipment, appliance manufacturing"
"PRDTIND2","10","Transportation equipment manufacturing"
"PRDTIND2","11","Wood products"
"PRDTIND2","12","Furniture and fixtures manufacturing"
"PRDTIND2","13","Miscellaneous and not specified manufacturing"
"PRDTIND2","14","Food manufacturing"
"PRDTIND2","15","Beverage and tobacco products"
"PRDTIND2","16","Textile, apparel, and leather manufacturing"
"PRDTIND2","17","Paper and printing"
"PRDTIND2","18","Petroleum and coal products manufacturing"
"PRDTIND2","19","Chemical manufacturing"
"PRDTIND2","20","Plastics and rubber products"
"PRDTIND2","21","Wholesale trade"
"PRDTIND2","22","Retail trade"
"PRDTIND2","23","Transportation and warehousing"
"PRDTIND2","24","Utilities"
"PRDTIND2","25","Publishing industries (except internet)"
"PRDTIND2","26","Motion picture and sound recording industries"
"PRDTIND2","27","Broadcasting (except internet)"
"PRDTIND2","28","Internet publishing and broadcasting"
"PRDTIND2","29","Telecommunications"
"PRDTIND2","30","Internet service providers and data processing services"
"PRDTIND2","31","Other information services"
"PRDTIND2","32","Finance"
"PRDTIND2","33","Insurance"
"PRDTIND2","34","Real estate"
"PRDTIND2","35","Rental and leasing services"
"PRDTIND2","36","Professional, scientific, and technical services"
"PRDTIND2","37","Management of companies and enterprises"
"PRDTIND2","38","Administrative and support services"
"PRDTIND2","39","Waste management and remediation services"
"PRDTIND2","40","Educational services"
"PRDTIND2","41","Hospitals"
"PRDTIND2","42","Health care services, except hospitals"
"PRDTIND2","43","Social assistance services"
"PRDTIND2","44","Arts, entertainment, and recreation"
"PRDTIND2","45","Accommodation"
"PRDTIND2","46","Food services and drinking places"
"PRDTIND2","47","Repair and maintenance"
"PRDTIND2","48","Personal and laundry services"
"PRDTIND2","49","Membership associations and organizations"
"PRDTIND2","50","Private households"
"PRDTIND2","51","Public administration"
"PRDTIND2","52","Armed forces"
"PRDTOCC1","1","Management occupations"
"PRDTOCC1","2","Business and financial operations occupations"
"PRDTOCC1","3","Computer and mathematical occupations"
"PRDTOCC1","4","Architecture and engineering occupations"
"PRDTOCC1","5","Life, physical, and social science occupations"
"PRDTOCC2","1","Management occupations"
"PRDTOCC2","2","Business and financial operations occupations"
"PRDTOCC2","3","Computer and mathematical occupations"
"PRDTOCC2","4","Architecture and engineering occupations"
"PRDTOCC2","5","Life, physical, and social science occupations"
"PRDTOCC2","6","Community and social service occupations"
"PRDTOCC2","7","Legal occupations"
"PRDTOCC2","8","Education instruction and library occupations"
"PRDTOCC2","9","Arts, design, entertainment, sports, and media 					occupations"
"PRDTOCC2","10","Healthcare practitioner and technical occupations"
"PRDTOCC2","11","Healthcare support occupations"
"PRDTOCC2","12","Protective service occupations"
"PRDTOCC2","13","Food preparation and serving related occupations"
"PRDTOCC2","14","Building and grounds cleaning and maintenance"
"PRDTOCC2","15","Personal care and service occupations"
"PRDTOCC2","16","Sales and related occupations"
"PRDTOCC2","17","Office and administrative support occupations"
"PRDTOCC2","18","Farming, fishing, and forestry occupations"
"PRDTOCC2","19","Construction and extraction occupations"
"PRDTOCC2","20","Installation, maintenance, and repair occupations"
"PRDTOCC2","21","Production occupations"
"PRDTOCC2","22","Transportation and material moving occupations"
"PRDTOCC2","23","Armed Forces"
"PRMJIND1","1","Agriculture, forestry, fishing, and hunting"
"PRMJIND1","2","Mining"
"PRMJIND1","3","Construction"
"PRMJIND1","4","Manufacturing"
"PRMJIND1","5","Wholesale and retail trade"
"PRMJIND1","6","Transportation and utilities"
"PRMJIND1","7","Information"
"PRMJIND1","8","Financial activities"
"PRMJIND1","9","Professional and business services"
"PRMJIND1","10","Educational and health services"
"PRMJIND1","11","Leisure and hospitality"
"PRMJIND1","12","Other services"
"PRMJIND1","13","Public administration"
"PRMJIND1","14","Armed Forces"
"PRMJIND2","1","Agriculture, forestry, fishing, and hunting"
"PRMJIND2","2","Mining"
"PRMJIND2","3","Construction"
"PRMJIND2","4","Manufacturing"
"PRMJIND2","5","Wholesale and retail trade"
"PRMJIND2","6","Transportation and utilities"
"PRMJIND2","7","Information"
"PRMJIND2","8","Financial activities"
"PRMJIND2","9","Professional and business services"
"PRMJIND2","10","Educational and health services"
"PRMJIND2","11","Leisure and hospitality"
"PRMJIND2","12","Other services"
"PRMJIND2","13","Public administration"
"PRMJIND2","14","Armed Forces"
"PRMJOCC1","1","Management, business, and financial occupations"
"PRMJOCC1","2","Professional and related occupations"
"PRMJOCC1","3","Service occupations"
"PRMJOCC1","4","Sales and related occupations"
"PRMJOCC1","5","Office and administrative support occupations"
"PRMJOCC1","6","Farming, fishing, and forestry occupations"
"PRMJOCC1","7","Construction and extraction occupations"
"PRMJOCC1","8","Installation, maintenance, and repair occupations"
"PRMJOCC1","9","Production occupations"
"PRMJOCC1","10","Transportation and material moving occupations"
"PRMJOCC1","11","Armed Forces"
"PRMJOCC2","1","Management, business, and financial occupations"
"PRMJOCC2","2","Professional and related occupations"
"PRMJOCC2","3","Service occupations"
"PRMJOCC2","4","Sales and related occupations"
"PRMJOCC2","5","Office and administrative support occupations"
"PRMJOCC2","6","Farming, fishing, and forestry occupations"
"PRMJOCC2","7","Construction and extraction occupations"
"PRMJOCC2","8","Installation, maintenance, and repair occupations"
"PRMJOCC2","9","Production occupations"
"PRMJOCC2","10","Transportation and material moving occupations"
"PRMJOCC2","11","Armed Forces"
"PRMJOCGR","1","Management, professional, and related occupations"
"PRMJOCGR","2","Service occupations"
"PRMJOCGR","3","Sales and office occupations"
"PRMJOCGR","4","Farming, fishing, and forestry occupations"
"PRMJOCGR","5","Construction, and maintenance occupations"
"PRMJOCGR","6","Production, transportation, and material moving"
"PRMJOCGR","7","Armed Forces"
"PRNAGPWS","1","SINGLE JOBHOLDER"
"PRNAGPWS","2","MULTIPLE JOBHOLDER"
"PRERELG","0","NOT ELIGIBLE FOR EDIT"
"PRERELG","1","ELIGIBLE FOR EDIT"
"PEERNUOT","1","YES"
"PEERNUOT","2","NO"
"PEERNPER","1","HOURLY"
"PEERNPER","2","WEEKLY"
"PEERNPER","3","BI-WEEKLY"
"PEERNPER","4","TWICE MONTHLY"
"PEERNPER","5","MONTHLY"
"PEERNPER","6","ANNUALLY"
"PEERNPER","7","OTHER  SPECIFY"
"PEERNRT","1","YES"
"PEERNRT","2","NO"
"PEERNHRY","1","HOURLY WORKER"
"PEERNHRY","2","NONHOURLY WORKER"
"PUERNH1C","0","MIN VALUE"
"PUERNH1C","9999","MAX VALUE (Subject to topcoding based on the entry in PEERNHRO such 								that PEERNHRO x PUERNHIC < or = 2884.61)"
"PEERNH2","0","MIN VALUE"
"PEERNH2","9999","MAX VALUE ( Subject to topcoding based on the in PEERNHRO such"
"PEERNH2","2","< or = 2884.61)"
"PEERNH1O","0","MIN VALUE"
"PEERNH1O","9999","MAX VALUE (Subject to topcoding based on the entry in PEERNHRO"
"PEERNH1O","2884",".61)"
"PRERNHLY","0","MIN VALUE"
"PRERNHLY","9999","MAX VALUE (Subject to topcoding based on the entry in PEERNHRO"
"PRERNHLY","2884",".61)"
"PTHR","0","NOT TOPCODED"
"PTHR","1","TOPCODED"
"PEERNHRO","0","MIN VALUE"
"PEERNHRO","99","MAX VALUE"
"PRERNWA","0","MIN VALUE"
"PRERNWA","288461","MAX VALUE"
"PEERN","0","MIN VALUE"
"PEERN","288461","MAX VALUE"
"PUERN2","0","MIN VALUE"
"PUERN2","288461","MAX VALUE"
"PTOT","0","NOT TOPCODED"
"PTOT","1","TOPCODED"
"PEERNWKP","01","MIN VALUE"
"PEERNWKP","52","MAX VALUE"
"PEERNLAB","1","YES"
"PEERNLAB","2","NO"
"PEERNCOV","1","YES"
"PEERNCOV","2","NO"
"PENLFJH","1","WITHIN THE LAST 12 MONTHS"
"PENLFJH","2","MORE THAN 12 MONTHS AGO"
"PENLFJH","3","NEVER WORKED"
"PENLFRET","1","YES"
"PENLFRET","2","NO"
"PENLFACT","1","DISABLED"
"PENLFACT","2","ILL"
"PENLFACT","3","IN SCHOOL"
"PENLFACT","4","TAKING CARE OF HOUSE OR FAMILY"
"PENLFACT","5","IN RETIREMENT"
"PENLFACT","6","SOMETHING ELSE/OTHER"
"PUNLFCK1","1","IF AGERNG EQUALS 1-4 OR 9"
"PUNLFCK1","2","ALL OTHERS GOT NLFRET"
"PUNLFCK2","1","IF MISCK EQUALS 4 OR 8 THEN GOTO NLFJH"
"PUNLFCK2","2","ALL OTHERS GOTO LBFR-END"
"PESCHENR","1","YES"
"PESCHENR","2","NO"
"PESCHFT","1","FULL-TIME"
"PESCHFT","2","PART-TIME"
"PESCHLVL","1","HIGH SCHOOL"
"PESCHLVL","2","COLLEGE OR UNIVERSITY"
"PRNLFSCH","1","IN SCHOOL"
"PRNLFSCH","2","NOT IN SCHOOL"
"PRCHLD","-1","NIU (Not a parent)"
"PRCHLD","0","No own children under 18 years of age"
"PRCHLD","1","All own children  0- 2 years of age"
"PRCHLD","2","All own children  3- 5 years of age"
"PRCHLD","3","All own children  6-13 years of age"
"PRCHLD","4","All own children 14-17 years of age"
"PRCHLD","5","Own children  0- 2 and  3- 5 years of age (none  6-17)"
"PRCHLD","6","Own children  0- 2 and  6-13 years of age (none  3- 5 or 14-17)"
"PRNMCHLD","-1","NIU (Not a parent)"
"PRNMCHLD","0",":99 Number of own children under 18 years of age"
"PRNMCHLD","00","VALUE NO CHANGE"
"PRNMCHLD","01","BLANK NO CHANGE"
"PRNMCHLD","02","DON'T KNOW NO CHANGE"
"PRNMCHLD","03","REFUSED NO CHANGE"
"PRNMCHLD","10","VALUE TO VALUE"
"PRNMCHLD","11","BLANK TO VALUE"
"PRNMCHLD","12","DON'T KNOW TO VALUE"
"PRNMCHLD","13","REFUSED TO VALUE"
"PRNMCHLD","20","VALUE TO LONGITUDINAL VALUE"
"PRNMCHLD","21","BLANK TO LONGITUDINAL VALUE"
"PRNMCHLD","22","DON'T KNOW TO LONGITUDINAL VALUE"
"PRNMCHLD","23","REFUSED TO LONGITUDINAL VALUE"
"PRNMCHLD","30","VALUE TO ALLOCATED VALUE LONG."
"PRNMCHLD","31","BLANK TO ALLOCATED VALUE LONG."
"PRNMCHLD","32","DON'T KNOW TO ALLOCATED VALUE LONG."
"PRNMCHLD","33","REFUSED TO ALLOCATED VALUE LONG."
"PRNMCHLD","40","VALUE TO ALLOCATED VALUE"
"PRNMCHLD","41","BLANK TO ALLOCATED VALUE"
"PRNMCHLD","42","DON'T KNOW TO ALLOCATED VALUE"
"PRNMCHLD","43","REFUSED TO ALLOCATED VALUE"
"PRNMCHLD","50","VALUE TO BLANK"
"PRNMCHLD","52","DON'T KNOW TO BLANK"
"PRNMCHLD","53","REFUSED TO BLANK"
"PEDIPGED","1","Graduation from high school"
"PEDIPGED","2","GED or other equivalent"
"PEHGCOMP","1","Less than 1st grade"
"PEHGCOMP","2","1st, 2nd, 3rd, or 4th grade"
"PEHGCOMP","3","5th or 6th grade"
"PEHGCOMP","4","7th or 8th grade"
"PEHGCOMP","5","9th grade"
"PEHGCOMP","6","10th grade"
"PEHGCOMP","7","11th grade"
"PEHGCOMP","8","12th grade (no diploma)"
"PECYC","1","Less than 1 year (includes 0 years completed)"
"PECYC","2","The first or Freshman year"
"PECYC","3","The second or Sophomore year"
"PECYC","4","The third or Junior year"
"PECYC","5","Four or more years"
"PEIO1ICD","0","MIN VALUE"
"PEIO1ICD","9999","MAX VALUE"
"PEIO1OCD","0","MIN VALUE"
"PEIO1OCD","9999","MAX VALUE"
"PEIO2ICD","0","MIN VALUE"
"PEIO2ICD","9999","MAX VALUE"
"PEIO2OCD","0","MIN VALUE"
"PEIO2OCD","9999","MAX VALUE"
"PRIMIND1","1","AGRICULTURE, FORESTRY, FISHING, and HUNTING"
"PRIMIND1","2","MINING"
"PRIMIND1","3","CONSTRUCTION"
"PRIMIND1","4","MANUFACTURING - DURABLE GOODS"
"PRIMIND1","5","MANUFACTURING - NON-DURABLE GOODS"
"PRIMIND1","6","WHOLESALE TRADE"
"PRIMIND1","7","RETAIL TRADE"
"PRIMIND1","8","TRANSPORTATION AND WAREHOUSING"
"PRIMIND1","9","UTILITIES"
"PRIMIND1","10","INFORMATION"
"PRIMIND1","11","FINANCE AND INSURANCE"
"PRIMIND1","12","REAL ESTATE AND RENTAL AND LEASING"
"PRIMIND1","13","PROFESSIONAL SCIENTIFIC AND TECHNICAL SERVICES"
"PRIMIND1","14","MANAGEMENT, ADMINISTRATIVE AND WASTE"
"PRIMIND1","15","EDUCATIONAL SERVICES"
"PRIMIND1","16","HEALTH CARE AND SOCIAL ASSISTANCE SERVICES"
"PRIMIND1","17","ARTS, ENTERTAINMENT, AND RECREATION"
"PRIMIND1","18","ACCOMMODATION AND FOOD SERVICES"
"PRIMIND1","19","PRIVATE HOUSEHOLDS"
"PRIMIND1","20","OTHER SERVICES, EXCEPT PRIVATE HOUSEHOLDS"
"PRIMIND1","21","PUBLIC ADMINISTRATION"
"PRIMIND1","22","ARMED FORCES"
"PRIMIND2","1","AGRICULTURE, FORESTRY, FISHING, and HUNTING"
"PRIMIND2","2","MINING"
"PRIMIND2","3","CONSTRUCTION"
"PRIMIND2","4","MANUFACTURING - DURABLE GOODS"
"PRIMIND2","5","MANUFACTURING - NON-DURABLE GOODS"
"PRIMIND2","6","WHOLESALE TRADE"
"PRIMIND2","7","RETAIL TRADE"
"PRIMIND2","8","TRANSPORTATION AND WAREHOUSING"
"PRIMIND2","9","UTILITIES"
"PRIMIND2","10","INFORMATION"
"PRIMIND2","11","FINANCE AND INSURANCE"
"PRIMIND2","12","REAL ESTATE AND RENTAL AND LEASING"
"PRIMIND2","13","PROFESSIONAL, SCIENTIFIC AND TECHNICAL SERVICES"
"PRIMIND2","14","MANAGEMENT, ADMINISTRATIVE AND WASTE"
"PRIMIND2","15","EDUCATIONAL SERVICES"
"PRIMIND2","16","HEALTH CARE AND SOCIAL ASSISTANCE SERVICES"
"PRIMIND2","17","ARTS, ENTERTAINMENT, AND RECREATION"
"PRIMIND2","18","ACCOMMODATION AND FOOD SERVICES"
"PRIMIND2","19","PRIVATE HOUSEHOLDS"
"PRIMIND2","20","OTHER SERVICES, EXCEPT PRIVATE HOUSEHOLDS"
"PRIMIND2","21","PUBLIC ADMINISTRATION"
"PRIMIND2","22","ARMED FORCES"
"PEAFWHN1","1","SEPTEMBER 2001 OR LATER"
"PEAFWHN1","2","AUGUST 1990 TO AUGUST 2001"
"PEAFWHN1","3","MAY 1975 TO JULY 1990"
"PEAFWHN1","4","VIETNAM ERA (AUGUST 1964 TO APRIL 1975)"
"PEAFWHN1","5","FEBRUARY 1955 TO JULY 1964"
"PEAFWHN1","6","KOREAN WAR (JULY 1950 TO JANUARY 1955)"
"PEAFWHN1","7","JANUARY 1947 TO JUNE 1950"
"PEAFWHN1","8","WORLD WAR II (DECEMBER 1941 TO DECEMBER 1946)"
"PEAFWHN1","9","NOVEMBER 1941 OR EARLIER"
"PEAFWHN2","1","SEPTEMBER 2001 OR LATER"
"PEAFWHN2","2","AUGUST 1990 TO AUGUST 2001"
"PEAFWHN2","3","MAY 1975 TO JULY 1990"
"PEAFWHN2","4","VIETNAM ERA (AUGUST 1964 TO APRIL 1975)"
"PEAFWHN2","5","FEBRUARY 1955 TO JULY 1964"
"PEAFWHN2","6","KOREAN WAR (JULY 1950 TO JANUARY 1955)"
"PEAFWHN2","7","JANUARY 1947 TO JUNE 1950"
"PEAFWHN2","8","WORLD WAR II (DECEMBER 1941 TO DECEMBER 1946)"
"PEAFWHN2","9","NOVEMBER 1941 OR EARLIER"
"PEAFWHN3","1","SEPTEMBER 2001 OR LATER"
"PEAFWHN3","2","AUGUST 1990 TO AUGUST 2001"
"PEAFWHN3","3","MAY 1975 TO JULY 1990"
"PEAFWHN3","4","VIETNAM ERA (AUGUST 1964 TO APRIL 1975)"
"PEAFWHN3","5","FEBRUARY 1955 TO JULY 1964"
"PEAFWHN3","6","KOREAN WAR (JULY 1950 TO JANUARY 1955)"
"PEAFWHN3","7","JANUARY 1947 TO JUNE 1950"
"PEAFWHN3","8","WORLD WAR II (DECEMBER 1941 TO DECEMBER 1946)"
"PEAFWHN3","9","NOVEMBER 1941 OR EARLIER"
"PEAFWHN4","1","SEPTEMBER 2001 OR LATER"
"PEAFWHN4","2","AUGUST 1990 TO AUGUST 2001"
"PEAFWHN4","3","MAY 1975 TO JULY 1990"
"PEAFWHN4","4","VIETNAM ERA (AUGUST 1964 TO APRIL 1975)"
"PEAFWHN4","5","FEBRUARY 1955 TO JULY 1964"
"PEAFWHN4","6","KOREAN WAR (JULY 1950 TO JANUARY 1955)"
"PEAFWHN4","7","JANUARY 1947 TO JUNE 1950"
"PEAFWHN4","8","WORLD WAR II (DECEMBER 1941 TO DECEMBER 1946)"
"PEAFWHN4","9","NOVEMBER 1941 OR EARLIER"
"PEPAR2","-1","NO PEPAR2"
"PEPAR2","01","MIN VALUE"
"PEPAR2","16","MAX VALUE"
"PEPAR1","-1","NO PEPAR1"
"PEPAR1","01","MIN VALUE"
"PEPAR1","16","MAX VALUE"
"PECOHAB","-1","NO PARTNER PRESENT"
"PECOHAB","01","MIN VALUE"
"PECOHAB","16","MAX VALUE"
"PEDISEAR","1","Yes"
"PEDISEAR","2","No"
"PEDISEYE","1","Yes"
"PEDISEYE","2","No"
"PEDISREM","1","Yes"
"PEDISREM","2","No"
"PEDISPHY","1","Yes"
"PEDISPHY","2","No"
"PEDISDRS","1","Yes"
"PEDISDRS","2","No"
"PEDISOUT","1","Yes"
"PEDISOUT","2","No"
"PRDASIAN","1","= Asian Indian"
"PRDASIAN","2","= Chinese"
"PRDASIAN","3","= Filipino"
"PRDASIAN","4","= Japanese"
"PRDASIAN","5","= Korean"
"PRDASIAN","6","= Vietnamese"
"PRDASIAN","7","= Other"
"PEPDEMP1","1","YES"
"PEPDEMP1","2","NO"
"PTNMEMP1","01","-74	Number of employees"
"PTNMEMP1","75","employees."
"PEPDEMP2","1","YES"
"PEPDEMP2","2","NO"
"PTNMEMP2","01","-09	Number of employees"
"PTNMEMP2","10","employees."
"PECERT1","1","Yes"
"PECERT1","2","No"
"PECERT2","1","Yes"
"PECERT2","2","No"
"PECERT3","1","Yes"
"PECERT3","2","No"
